config,avg_latency,avg_token_speed,avg_accuracy,avg_throughput
Baseline,109537.89957849585,1.713079588227489,0.0,0.07470994214368701
Optimize A,58702.6883585022,3.189574585230939,0.5,0.1383243553977361
Optimize B,58889.78394649894,3.1755520264048505,0.5,0.13728212274720442
Optimize C,59504.178769002465,3.2082614718404567,0.475,0.14595670404289784
Optimize Y,25118.054354003107,7.711733893541343,0.5,0.05272836853188902
Optimize Z,23660.829676002322,7.58312537719645,0.0,0.29117206637444554
