config,avg_latency,avg_token_speed,avg_accuracy,avg_throughput
QWEN_Baseline,102285.64293250383,3.415387370829504,0.0,0.010942283720814133
QWEN_Optimize_A,91634.89347299765,4.284162348118468,0.875,0.012952313752260379
